<?xml version="1.0" encoding="UTF-8"?>
<project-private xmlns="http://www.netbeans.org/ns/project-private/1">
    <editor-bookmarks xmlns="http://www.netbeans.org/ns/editor-bookmarks/2" lastBookmarkId="1">
        <file>
            <url>plant_trabajo.php</url>
            <bookmark id="1">
                <name/>
                <line>34</line>
                <key/>
            </bookmark>
        </file>
    </editor-bookmarks>
    <open-files xmlns="http://www.netbeans.org/ns/projectui-open-files/2">
        <group>
            <file>file:/C:/wamp64/www/avance3/contacto.php</file>
            <file>file:/C:/wamp64/www/avance3/logout.php</file>
            <file>file:/C:/wamp64/www/avance3/127_0_0_1.sql</file>
            <file>file:/C:/wamp64/www/avance3/gestionar_categorias.php</file>
            <file>file:/C:/wamp64/www/avance3/css/gestionar_categorias.css</file>
            <file>file:/C:/wamp64/www/avance3/css/style.css</file>
            <file>file:/C:/wamp64/www/avance3/login.php</file>
            <file>file:/C:/wamp64/www/avance3/index.php</file>
            <file>file:/C:/wamp64/www/avance3/servicios.php</file>
            <file>file:/C:/wamp64/www/avance3/objetivos.php</file>
            <file>file:/C:/wamp64/www/avance3/gestionar_productos.php</file>
            <file>file:/C:/wamp64/www/avance3/menu.php</file>
            <file>file:/C:/wamp64/www/avance3/css/gestionar_productos.css</file>
            <file>file:/C:/wamp64/www/avance3/productos.php</file>
            <file>file:/C:/wamp64/www/avance3/config.php</file>
            <file>file:/C:/wamp64/www/avance3/js/productos.js</file>
            <file>file:/C:/wamp64/www/avance3/registro.php</file>
            <file>file:/C:/wamp64/www/avance3/plan_trabajo.php</file>
            <file>file:/C:/wamp64/www/avance3/js/menu.js</file>
        </group>
    </open-files>
</project-private>
